D:\UDACITY\simulator-windows-64\IMG\center_2020_05_31_07_15_15_383.jpg, D:\UDACITY\simulator-windows-64\IMG\left_2020_05_31_07_15_15_383.jpg, D:\UDACITY\simulator-windows-64\IMG\right_2020_05_31_07_15_15_383.jpg, 0, 0, 0, 7.98011E-05
D:\UDACITY\simulator-windows-64\IMG\center_2020_05_31_07_15_15_720.jpg, D:\UDACITY\simulator-windows-64\IMG\left_2020_05_31_07_15_15_720.jpg, D:\UDACITY\simulator-windows-64\IMG\right_2020_05_31_07_15_15_720.jpg, 0, 0, 0, 7.962915E-05
D:\UDACITY\simulator-windows-64\IMG\center_2020_05_31_07_15_15_925.jpg, D:\UDACITY\simulator-windows-64\IMG\left_2020_05_31_07_15_15_925.jpg, D:\UDACITY\simulator-windows-64\IMG\right_2020_05_31_07_15_15_925.jpg, 0, 0, 0, 7.807749E-05
D:\UDACITY\simulator-windows-64\IMG\center_2020_05_31_07_15_16_057.jpg, D:\UDACITY\simulator-windows-64\IMG\left_2020_05_31_07_15_16_057.jpg, D:\UDACITY\simulator-windows-64\IMG\right_2020_05_31_07_15_16_057.jpg, 0, 0, 0, 8.458521E-05
D:\UDACITY\simulator-windows-64\IMG\center_2020_05_31_07_15_16_181.jpg, D:\UDACITY\simulator-windows-64\IMG\left_2020_05_31_07_15_16_181.jpg, D:\UDACITY\simulator-windows-64\IMG\right_2020_05_31_07_15_16_181.jpg, 0, 0, 0, 8.099328E-05
D:\UDACITY\simulator-windows-64\IMG\center_2020_05_31_07_15_16_302.jpg, D:\UDACITY\simulator-windows-64\IMG\left_2020_05_31_07_15_16_302.jpg, D:\UDACITY\simulator-windows-64\IMG\right_2020_05_31_07_15_16_302.jpg, 0, 0, 0, 7.928642E-05
D:\UDACITY\simulator-windows-64\IMG\center_2020_05_31_07_15_16_434.jpg, D:\UDACITY\simulator-windows-64\IMG\left_2020_05_31_07_15_16_434.jpg, D:\UDACITY\simulator-windows-64\IMG\right_2020_05_31_07_15_16_434.jpg, 0, 0, 0, 7.882853E-05
D:\UDACITY\simulator-windows-64\IMG\center_2020_05_31_07_15_16_671.jpg, D:\UDACITY\simulator-windows-64\IMG\left_2020_05_31_07_15_16_671.jpg, D:\UDACITY\simulator-windows-64\IMG\right_2020_05_31_07_15_16_671.jpg, 0, 0, 0, 8.246164E-05
D:\UDACITY\simulator-windows-64\IMG\center_2020_05_31_07_15_16_854.jpg, D:\UDACITY\simulator-windows-64\IMG\left_2020_05_31_07_15_16_854.jpg, D:\UDACITY\simulator-windows-64\IMG\right_2020_05_31_07_15_16_854.jpg, 0, 0, 0, 7.814711E-05
D:\UDACITY\simulator-windows-64\IMG\center_2020_05_31_07_15_16_982.jpg, D:\UDACITY\simulator-windows-64\IMG\left_2020_05_31_07_15_16_982.jpg, D:\UDACITY\simulator-windows-64\IMG\right_2020_05_31_07_15_16_982.jpg, 0, 0, 0, 7.808574E-05
D:\UDACITY\simulator-windows-64\IMG\center_2020_05_31_07_15_17_110.jpg, D:\UDACITY\simulator-windows-64\IMG\left_2020_05_31_07_15_17_110.jpg, D:\UDACITY\simulator-windows-64\IMG\right_2020_05_31_07_15_17_110.jpg, 0, 0, 0, 7.794057E-05
D:\UDACITY\simulator-windows-64\IMG\center_2020_05_31_07_15_17_239.jpg, D:\UDACITY\simulator-windows-64\IMG\left_2020_05_31_07_15_17_239.jpg, D:\UDACITY\simulator-windows-64\IMG\right_2020_05_31_07_15_17_239.jpg, 0, 0, 0, 7.889844E-05
D:\UDACITY\simulator-windows-64\IMG\center_2020_05_31_07_15_17_456.jpg, D:\UDACITY\simulator-windows-64\IMG\left_2020_05_31_07_15_17_456.jpg, D:\UDACITY\simulator-windows-64\IMG\right_2020_05_31_07_15_17_456.jpg, 0, 0, 0, 7.783413E-05
D:\UDACITY\simulator-windows-64\IMG\center_2020_05_31_07_15_17_588.jpg, D:\UDACITY\simulator-windows-64\IMG\left_2020_05_31_07_15_17_588.jpg, D:\UDACITY\simulator-windows-64\IMG\right_2020_05_31_07_15_17_588.jpg, 0, 0.3857892, 0, 0.6099185
D:\UDACITY\simulator-windows-64\IMG\center_2020_05_31_07_15_17_731.jpg, D:\UDACITY\simulator-windows-64\IMG\left_2020_05_31_07_15_17_731.jpg, D:\UDACITY\simulator-windows-64\IMG\right_2020_05_31_07_15_17_731.jpg, 0, 0.7878156, 0, 1.681343
D:\UDACITY\simulator-windows-64\IMG\center_2020_05_31_07_15_17_855.jpg, D:\UDACITY\simulator-windows-64\IMG\left_2020_05_31_07_15_17_855.jpg, D:\UDACITY\simulator-windows-64\IMG\right_2020_05_31_07_15_17_855.jpg, 0, 1, 0, 3.026471
D:\UDACITY\simulator-windows-64\IMG\center_2020_05_31_07_15_17_969.jpg, D:\UDACITY\simulator-windows-64\IMG\left_2020_05_31_07_15_17_969.jpg, D:\UDACITY\simulator-windows-64\IMG\right_2020_05_31_07_15_17_969.jpg, 0, 1, 0, 4.668566
D:\UDACITY\simulator-windows-64\IMG\center_2020_05_31_07_15_18_149.jpg, D:\UDACITY\simulator-windows-64\IMG\left_2020_05_31_07_15_18_149.jpg, D:\UDACITY\simulator-windows-64\IMG\right_2020_05_31_07_15_18_149.jpg, 0, 1, 0, 6.747106
D:\UDACITY\simulator-windows-64\IMG\center_2020_05_31_07_15_18_272.jpg, D:\UDACITY\simulator-windows-64\IMG\left_2020_05_31_07_15_18_272.jpg, D:\UDACITY\simulator-windows-64\IMG\right_2020_05_31_07_15_18_272.jpg, 0, 1, 0, 8.112718
D:\UDACITY\simulator-windows-64\IMG\center_2020_05_31_07_15_18_404.jpg, D:\UDACITY\simulator-windows-64\IMG\left_2020_05_31_07_15_18_404.jpg, D:\UDACITY\simulator-windows-64\IMG\right_2020_05_31_07_15_18_404.jpg, 0, 0.6071069, 0, 8.923833
D:\UDACITY\simulator-windows-64\IMG\center_2020_05_31_07_15_18_538.jpg, D:\UDACITY\simulator-windows-64\IMG\left_2020_05_31_07_15_18_538.jpg, D:\UDACITY\simulator-windows-64\IMG\right_2020_05_31_07_15_18_538.jpg, 0, 0.2099351, 0, 9.183162
D:\UDACITY\simulator-windows-64\IMG\center_2020_05_31_07_15_18_666.jpg, D:\UDACITY\simulator-windows-64\IMG\left_2020_05_31_07_15_18_666.jpg, D:\UDACITY\simulator-windows-64\IMG\right_2020_05_31_07_15_18_666.jpg, 0, 0, 0, 9.07035
D:\UDACITY\simulator-windows-64\IMG\center_2020_05_31_07_15_18_793.jpg, D:\UDACITY\simulator-windows-64\IMG\left_2020_05_31_07_15_18_793.jpg, D:\UDACITY\simulator-windows-64\IMG\right_2020_05_31_07_15_18_793.jpg, -0.3779398, 0, 0, 8.876236
D:\UDACITY\simulator-windows-64\IMG\center_2020_05_31_07_15_18_920.jpg, D:\UDACITY\simulator-windows-64\IMG\left_2020_05_31_07_15_18_920.jpg, D:\UDACITY\simulator-windows-64\IMG\right_2020_05_31_07_15_18_920.jpg, -0.763373, 0, 0, 8.596169
D:\UDACITY\simulator-windows-64\IMG\center_2020_05_31_07_15_19_126.jpg, D:\UDACITY\simulator-windows-64\IMG\left_2020_05_31_07_15_19_126.jpg, D:\UDACITY\simulator-windows-64\IMG\right_2020_05_31_07_15_19_126.jpg, -1, 0, 0, 8.241437
D:\UDACITY\simulator-windows-64\IMG\center_2020_05_31_07_15_19_311.jpg, D:\UDACITY\simulator-windows-64\IMG\left_2020_05_31_07_15_19_311.jpg, D:\UDACITY\simulator-windows-64\IMG\right_2020_05_31_07_15_19_311.jpg, -0.4421203, 0, 0, 8.097567
D:\UDACITY\simulator-windows-64\IMG\center_2020_05_31_07_15_19_463.jpg, D:\UDACITY\simulator-windows-64\IMG\left_2020_05_31_07_15_19_463.jpg, D:\UDACITY\simulator-windows-64\IMG\right_2020_05_31_07_15_19_463.jpg, 0, 0, 0, 7.940012
D:\UDACITY\simulator-windows-64\IMG\center_2020_05_31_07_15_19_601.jpg, D:\UDACITY\simulator-windows-64\IMG\left_2020_05_31_07_15_19_601.jpg, D:\UDACITY\simulator-windows-64\IMG\right_2020_05_31_07_15_19_601.jpg, 0, 0, 0, 7.828272
D:\UDACITY\simulator-windows-64\IMG\center_2020_05_31_07_15_19_730.jpg, D:\UDACITY\simulator-windows-64\IMG\left_2020_05_31_07_15_19_730.jpg, D:\UDACITY\simulator-windows-64\IMG\right_2020_05_31_07_15_19_730.jpg, 0, 0, 0, 7.718513
D:\UDACITY\simulator-windows-64\IMG\center_2020_05_31_07_15_19_858.jpg, D:\UDACITY\simulator-windows-64\IMG\left_2020_05_31_07_15_19_858.jpg, D:\UDACITY\simulator-windows-64\IMG\right_2020_05_31_07_15_19_858.jpg, 0.3892905, 0, 0, 7.546743
D:\UDACITY\simulator-windows-64\IMG\center_2020_05_31_07_15_20_014.jpg, D:\UDACITY\simulator-windows-64\IMG\left_2020_05_31_07_15_20_014.jpg, D:\UDACITY\simulator-windows-64\IMG\right_2020_05_31_07_15_20_014.jpg, 0.8527383, 0, 0, 7.215155
D:\UDACITY\simulator-windows-64\IMG\center_2020_05_31_07_15_20_138.jpg, D:\UDACITY\simulator-windows-64\IMG\left_2020_05_31_07_15_20_138.jpg, D:\UDACITY\simulator-windows-64\IMG\right_2020_05_31_07_15_20_138.jpg, 1, 0, 0, 7.044058
D:\UDACITY\simulator-windows-64\IMG\center_2020_05_31_07_15_20_387.jpg, D:\UDACITY\simulator-windows-64\IMG\left_2020_05_31_07_15_20_387.jpg, D:\UDACITY\simulator-windows-64\IMG\right_2020_05_31_07_15_20_387.jpg, 0.2629737, 0, 0, 6.840699
D:\UDACITY\simulator-windows-64\IMG\center_2020_05_31_07_15_20_519.jpg, D:\UDACITY\simulator-windows-64\IMG\left_2020_05_31_07_15_20_519.jpg, D:\UDACITY\simulator-windows-64\IMG\right_2020_05_31_07_15_20_519.jpg, 0, 0, 0, 6.729911
D:\UDACITY\simulator-windows-64\IMG\center_2020_05_31_07_15_20_654.jpg, D:\UDACITY\simulator-windows-64\IMG\left_2020_05_31_07_15_20_654.jpg, D:\UDACITY\simulator-windows-64\IMG\right_2020_05_31_07_15_20_654.jpg, -0.3999251, 0, 0, 6.555163
D:\UDACITY\simulator-windows-64\IMG\center_2020_05_31_07_15_20_797.jpg, D:\UDACITY\simulator-windows-64\IMG\left_2020_05_31_07_15_20_797.jpg, D:\UDACITY\simulator-windows-64\IMG\right_2020_05_31_07_15_20_797.jpg, -0.8315437, 0, 0, 6.309024
D:\UDACITY\simulator-windows-64\IMG\center_2020_05_31_07_15_20_931.jpg, D:\UDACITY\simulator-windows-64\IMG\left_2020_05_31_07_15_20_931.jpg, D:\UDACITY\simulator-windows-64\IMG\right_2020_05_31_07_15_20_931.jpg, -1, 0, 0, 6.132535
D:\UDACITY\simulator-windows-64\IMG\center_2020_05_31_07_15_21_065.jpg, D:\UDACITY\simulator-windows-64\IMG\left_2020_05_31_07_15_21_065.jpg, D:\UDACITY\simulator-windows-64\IMG\right_2020_05_31_07_15_21_065.jpg, -1, 0, 0, 6.029017
D:\UDACITY\simulator-windows-64\IMG\center_2020_05_31_07_15_21_197.jpg, D:\UDACITY\simulator-windows-64\IMG\left_2020_05_31_07_15_21_197.jpg, D:\UDACITY\simulator-windows-64\IMG\right_2020_05_31_07_15_21_197.jpg, -1, 0, 0, 5.912309
D:\UDACITY\simulator-windows-64\IMG\center_2020_05_31_07_15_21_335.jpg, D:\UDACITY\simulator-windows-64\IMG\left_2020_05_31_07_15_21_335.jpg, D:\UDACITY\simulator-windows-64\IMG\right_2020_05_31_07_15_21_335.jpg, -1, 0, 0, 5.797655
D:\UDACITY\simulator-windows-64\IMG\center_2020_05_31_07_15_21_467.jpg, D:\UDACITY\simulator-windows-64\IMG\left_2020_05_31_07_15_21_467.jpg, D:\UDACITY\simulator-windows-64\IMG\right_2020_05_31_07_15_21_467.jpg, -1, 0, 0, 5.684796
D:\UDACITY\simulator-windows-64\IMG\center_2020_05_31_07_15_21_599.jpg, D:\UDACITY\simulator-windows-64\IMG\left_2020_05_31_07_15_21_599.jpg, D:\UDACITY\simulator-windows-64\IMG\right_2020_05_31_07_15_21_599.jpg, -0.6000815, 0, 0, 5.639994
D:\UDACITY\simulator-windows-64\IMG\center_2020_05_31_07_15_21_726.jpg, D:\UDACITY\simulator-windows-64\IMG\left_2020_05_31_07_15_21_726.jpg, D:\UDACITY\simulator-windows-64\IMG\right_2020_05_31_07_15_21_726.jpg, -0.2200417, 0, 0, 5.556372
D:\UDACITY\simulator-windows-64\IMG\center_2020_05_31_07_15_21_854.jpg, D:\UDACITY\simulator-windows-64\IMG\left_2020_05_31_07_15_21_854.jpg, D:\UDACITY\simulator-windows-64\IMG\right_2020_05_31_07_15_21_854.jpg, 0, 0, 0, 5.48099
D:\UDACITY\simulator-windows-64\IMG\center_2020_05_31_07_15_21_992.jpg, D:\UDACITY\simulator-windows-64\IMG\left_2020_05_31_07_15_21_992.jpg, D:\UDACITY\simulator-windows-64\IMG\right_2020_05_31_07_15_21_992.jpg, 0, 0, 0, 5.404105
D:\UDACITY\simulator-windows-64\IMG\center_2020_05_31_07_15_22_117.jpg, D:\UDACITY\simulator-windows-64\IMG\left_2020_05_31_07_15_22_117.jpg, D:\UDACITY\simulator-windows-64\IMG\right_2020_05_31_07_15_22_117.jpg, 0, 0, 0, 5.339114
D:\UDACITY\simulator-windows-64\IMG\center_2020_05_31_07_15_22_249.jpg, D:\UDACITY\simulator-windows-64\IMG\left_2020_05_31_07_15_22_249.jpg, D:\UDACITY\simulator-windows-64\IMG\right_2020_05_31_07_15_22_249.jpg, 0, 0, 0, 5.264277
D:\UDACITY\simulator-windows-64\IMG\center_2020_05_31_07_15_22_373.jpg, D:\UDACITY\simulator-windows-64\IMG\left_2020_05_31_07_15_22_373.jpg, D:\UDACITY\simulator-windows-64\IMG\right_2020_05_31_07_15_22_373.jpg, 0, 0, 0, 5.200964
D:\UDACITY\simulator-windows-64\IMG\center_2020_05_31_07_15_22_508.jpg, D:\UDACITY\simulator-windows-64\IMG\left_2020_05_31_07_15_22_508.jpg, D:\UDACITY\simulator-windows-64\IMG\right_2020_05_31_07_15_22_508.jpg, 0, 0, 0, 5.128064
D:\UDACITY\simulator-windows-64\IMG\center_2020_05_31_07_15_22_731.jpg, D:\UDACITY\simulator-windows-64\IMG\left_2020_05_31_07_15_22_731.jpg, D:\UDACITY\simulator-windows-64\IMG\right_2020_05_31_07_15_22_731.jpg, 0, 0, 0, 5.015152
D:\UDACITY\simulator-windows-64\IMG\center_2020_05_31_07_15_22_858.jpg, D:\UDACITY\simulator-windows-64\IMG\left_2020_05_31_07_15_22_858.jpg, D:\UDACITY\simulator-windows-64\IMG\right_2020_05_31_07_15_22_858.jpg, 0, 0, 0, 4.954701
D:\UDACITY\simulator-windows-64\IMG\center_2020_05_31_07_15_22_991.jpg, D:\UDACITY\simulator-windows-64\IMG\left_2020_05_31_07_15_22_991.jpg, D:\UDACITY\simulator-windows-64\IMG\right_2020_05_31_07_15_22_991.jpg, 0, 0, 0, 4.885247
D:\UDACITY\simulator-windows-64\IMG\center_2020_05_31_07_15_23_178.jpg, D:\UDACITY\simulator-windows-64\IMG\left_2020_05_31_07_15_23_178.jpg, D:\UDACITY\simulator-windows-64\IMG\right_2020_05_31_07_15_23_178.jpg, 0, 0, 0, 4.797376
D:\UDACITY\simulator-windows-64\IMG\center_2020_05_31_07_15_23_330.jpg, D:\UDACITY\simulator-windows-64\IMG\left_2020_05_31_07_15_23_330.jpg, D:\UDACITY\simulator-windows-64\IMG\right_2020_05_31_07_15_23_330.jpg, 0, 0, 0, 4.720597
D:\UDACITY\simulator-windows-64\IMG\center_2020_05_31_07_15_23_479.jpg, D:\UDACITY\simulator-windows-64\IMG\left_2020_05_31_07_15_23_479.jpg, D:\UDACITY\simulator-windows-64\IMG\right_2020_05_31_07_15_23_479.jpg, 0, 0, 0, 4.654425
D:\UDACITY\simulator-windows-64\IMG\center_2020_05_31_07_15_23_610.jpg, D:\UDACITY\simulator-windows-64\IMG\left_2020_05_31_07_15_23_610.jpg, D:\UDACITY\simulator-windows-64\IMG\right_2020_05_31_07_15_23_610.jpg, -0.3934985, 0, 0, 4.53788
D:\UDACITY\simulator-windows-64\IMG\center_2020_05_31_07_15_23_834.jpg, D:\UDACITY\simulator-windows-64\IMG\left_2020_05_31_07_15_23_834.jpg, D:\UDACITY\simulator-windows-64\IMG\right_2020_05_31_07_15_23_834.jpg, -1, 0, 0, 4.228561
D:\UDACITY\simulator-windows-64\IMG\center_2020_05_31_07_15_23_969.jpg, D:\UDACITY\simulator-windows-64\IMG\left_2020_05_31_07_15_23_969.jpg, D:\UDACITY\simulator-windows-64\IMG\right_2020_05_31_07_15_23_969.jpg, -1, 0, 0, 4.140769
D:\UDACITY\simulator-windows-64\IMG\center_2020_05_31_07_15_24_109.jpg, D:\UDACITY\simulator-windows-64\IMG\left_2020_05_31_07_15_24_109.jpg, D:\UDACITY\simulator-windows-64\IMG\right_2020_05_31_07_15_24_109.jpg, -0.5810229, 0, 0, 4.098875
D:\UDACITY\simulator-windows-64\IMG\center_2020_05_31_07_15_24_236.jpg, D:\UDACITY\simulator-windows-64\IMG\left_2020_05_31_07_15_24_236.jpg, D:\UDACITY\simulator-windows-64\IMG\right_2020_05_31_07_15_24_236.jpg, -0.195415, 0, 0, 4.045217
D:\UDACITY\simulator-windows-64\IMG\center_2020_05_31_07_15_24_425.jpg, D:\UDACITY\simulator-windows-64\IMG\left_2020_05_31_07_15_24_425.jpg, D:\UDACITY\simulator-windows-64\IMG\right_2020_05_31_07_15_24_425.jpg, 0, 0, 0, 3.967521
D:\UDACITY\simulator-windows-64\IMG\center_2020_05_31_07_15_24_530.jpg, D:\UDACITY\simulator-windows-64\IMG\left_2020_05_31_07_15_24_530.jpg, D:\UDACITY\simulator-windows-64\IMG\right_2020_05_31_07_15_24_530.jpg, 0.3352345, 0, 0, 3.887919
D:\UDACITY\simulator-windows-64\IMG\center_2020_05_31_07_15_24_660.jpg, D:\UDACITY\simulator-windows-64\IMG\left_2020_05_31_07_15_24_660.jpg, D:\UDACITY\simulator-windows-64\IMG\right_2020_05_31_07_15_24_660.jpg, 0.7287784, 0, 0, 3.76794
D:\UDACITY\simulator-windows-64\IMG\center_2020_05_31_07_15_24_792.jpg, D:\UDACITY\simulator-windows-64\IMG\left_2020_05_31_07_15_24_792.jpg, D:\UDACITY\simulator-windows-64\IMG\right_2020_05_31_07_15_24_792.jpg, 1, 0, 0, 3.635046
D:\UDACITY\simulator-windows-64\IMG\center_2020_05_31_07_15_24_926.jpg, D:\UDACITY\simulator-windows-64\IMG\left_2020_05_31_07_15_24_926.jpg, D:\UDACITY\simulator-windows-64\IMG\right_2020_05_31_07_15_24_926.jpg, 1, 0, 0, 3.556566
D:\UDACITY\simulator-windows-64\IMG\center_2020_05_31_07_15_25_057.jpg, D:\UDACITY\simulator-windows-64\IMG\left_2020_05_31_07_15_25_057.jpg, D:\UDACITY\simulator-windows-64\IMG\right_2020_05_31_07_15_25_057.jpg, 1, 0, 0, 3.490877
D:\UDACITY\simulator-windows-64\IMG\center_2020_05_31_07_15_25_188.jpg, D:\UDACITY\simulator-windows-64\IMG\left_2020_05_31_07_15_25_188.jpg, D:\UDACITY\simulator-windows-64\IMG\right_2020_05_31_07_15_25_188.jpg, 0.6056775, 0, 0, 3.455804
D:\UDACITY\simulator-windows-64\IMG\center_2020_05_31_07_15_25_320.jpg, D:\UDACITY\simulator-windows-64\IMG\left_2020_05_31_07_15_25_320.jpg, D:\UDACITY\simulator-windows-64\IMG\right_2020_05_31_07_15_25_320.jpg, 0, 0, 0, 3.378393
D:\UDACITY\simulator-windows-64\IMG\center_2020_05_31_07_15_25_574.jpg, D:\UDACITY\simulator-windows-64\IMG\left_2020_05_31_07_15_25_574.jpg, D:\UDACITY\simulator-windows-64\IMG\right_2020_05_31_07_15_25_574.jpg, -0.7555597, 0, 0, 3.136952
D:\UDACITY\simulator-windows-64\IMG\center_2020_05_31_07_15_25_718.jpg, D:\UDACITY\simulator-windows-64\IMG\left_2020_05_31_07_15_25_718.jpg, D:\UDACITY\simulator-windows-64\IMG\right_2020_05_31_07_15_25_718.jpg, -1, 0, 0, 3.031147
D:\UDACITY\simulator-windows-64\IMG\center_2020_05_31_07_15_25_845.jpg, D:\UDACITY\simulator-windows-64\IMG\left_2020_05_31_07_15_25_845.jpg, D:\UDACITY\simulator-windows-64\IMG\right_2020_05_31_07_15_25_845.jpg, -1, 0, 0, 2.963578
D:\UDACITY\simulator-windows-64\IMG\center_2020_05_31_07_15_26_032.jpg, D:\UDACITY\simulator-windows-64\IMG\left_2020_05_31_07_15_26_032.jpg, D:\UDACITY\simulator-windows-64\IMG\right_2020_05_31_07_15_26_032.jpg, -1, 0, 0, 2.878278
D:\UDACITY\simulator-windows-64\IMG\center_2020_05_31_07_15_26_195.jpg, D:\UDACITY\simulator-windows-64\IMG\left_2020_05_31_07_15_26_195.jpg, D:\UDACITY\simulator-windows-64\IMG\right_2020_05_31_07_15_26_195.jpg, -1, 0, 0, 2.804599
D:\UDACITY\simulator-windows-64\IMG\center_2020_05_31_07_15_26_460.jpg, D:\UDACITY\simulator-windows-64\IMG\left_2020_05_31_07_15_26_460.jpg, D:\UDACITY\simulator-windows-64\IMG\right_2020_05_31_07_15_26_460.jpg, -0.2176991, 0, 0, 2.702381
D:\UDACITY\simulator-windows-64\IMG\center_2020_05_31_07_15_26_610.jpg, D:\UDACITY\simulator-windows-64\IMG\left_2020_05_31_07_15_26_610.jpg, D:\UDACITY\simulator-windows-64\IMG\right_2020_05_31_07_15_26_610.jpg, 0, 0, 0, 2.655681
D:\UDACITY\simulator-windows-64\IMG\center_2020_05_31_07_15_26_743.jpg, D:\UDACITY\simulator-windows-64\IMG\left_2020_05_31_07_15_26_743.jpg, D:\UDACITY\simulator-windows-64\IMG\right_2020_05_31_07_15_26_743.jpg, 0.3991212, 0, 0, 2.593122
D:\UDACITY\simulator-windows-64\IMG\center_2020_05_31_07_15_26_871.jpg, D:\UDACITY\simulator-windows-64\IMG\left_2020_05_31_07_15_26_871.jpg, D:\UDACITY\simulator-windows-64\IMG\right_2020_05_31_07_15_26_871.jpg, 0.780065, 0, 0, 2.503899
D:\UDACITY\simulator-windows-64\IMG\center_2020_05_31_07_15_27_066.jpg, D:\UDACITY\simulator-windows-64\IMG\left_2020_05_31_07_15_27_066.jpg, D:\UDACITY\simulator-windows-64\IMG\right_2020_05_31_07_15_27_066.jpg, 1, 0, 0, 2.395341
D:\UDACITY\simulator-windows-64\IMG\center_2020_05_31_07_15_27_195.jpg, D:\UDACITY\simulator-windows-64\IMG\left_2020_05_31_07_15_27_195.jpg, D:\UDACITY\simulator-windows-64\IMG\right_2020_05_31_07_15_27_195.jpg, 1, 0, 0, 2.347397
D:\UDACITY\simulator-windows-64\IMG\center_2020_05_31_07_15_27_328.jpg, D:\UDACITY\simulator-windows-64\IMG\left_2020_05_31_07_15_27_328.jpg, D:\UDACITY\simulator-windows-64\IMG\right_2020_05_31_07_15_27_328.jpg, 1, 0, 0, 2.300257
D:\UDACITY\simulator-windows-64\IMG\center_2020_05_31_07_15_27_460.jpg, D:\UDACITY\simulator-windows-64\IMG\left_2020_05_31_07_15_27_460.jpg, D:\UDACITY\simulator-windows-64\IMG\right_2020_05_31_07_15_27_460.jpg, 1, 0, 0, 2.246255
D:\UDACITY\simulator-windows-64\IMG\center_2020_05_31_07_15_27_633.jpg, D:\UDACITY\simulator-windows-64\IMG\left_2020_05_31_07_15_27_633.jpg, D:\UDACITY\simulator-windows-64\IMG\right_2020_05_31_07_15_27_633.jpg, 0.4810589, 0, 0, 2.209366
D:\UDACITY\simulator-windows-64\IMG\center_2020_05_31_07_15_27_766.jpg, D:\UDACITY\simulator-windows-64\IMG\left_2020_05_31_07_15_27_766.jpg, D:\UDACITY\simulator-windows-64\IMG\right_2020_05_31_07_15_27_766.jpg, 0, 0, 0, 2.164267
D:\UDACITY\simulator-windows-64\IMG\center_2020_05_31_07_15_27_895.jpg, D:\UDACITY\simulator-windows-64\IMG\left_2020_05_31_07_15_27_895.jpg, D:\UDACITY\simulator-windows-64\IMG\right_2020_05_31_07_15_27_895.jpg, 0, 0, 0, 2.138238
D:\UDACITY\simulator-windows-64\IMG\center_2020_05_31_07_15_28_031.jpg, D:\UDACITY\simulator-windows-64\IMG\left_2020_05_31_07_15_28_031.jpg, D:\UDACITY\simulator-windows-64\IMG\right_2020_05_31_07_15_28_031.jpg, 0, 0, 0, 2.108268
D:\UDACITY\simulator-windows-64\IMG\center_2020_05_31_07_15_28_252.jpg, D:\UDACITY\simulator-windows-64\IMG\left_2020_05_31_07_15_28_252.jpg, D:\UDACITY\simulator-windows-64\IMG\right_2020_05_31_07_15_28_252.jpg, 0, 0.6583584, 0, 3.792181
D:\UDACITY\simulator-windows-64\IMG\center_2020_05_31_07_15_28_397.jpg, D:\UDACITY\simulator-windows-64\IMG\left_2020_05_31_07_15_28_397.jpg, D:\UDACITY\simulator-windows-64\IMG\right_2020_05_31_07_15_28_397.jpg, 0, 1, 0, 5.408226
D:\UDACITY\simulator-windows-64\IMG\center_2020_05_31_07_15_28_532.jpg, D:\UDACITY\simulator-windows-64\IMG\left_2020_05_31_07_15_28_532.jpg, D:\UDACITY\simulator-windows-64\IMG\right_2020_05_31_07_15_28_532.jpg, 0, 1, 0, 7.017974
D:\UDACITY\simulator-windows-64\IMG\center_2020_05_31_07_15_28_655.jpg, D:\UDACITY\simulator-windows-64\IMG\left_2020_05_31_07_15_28_655.jpg, D:\UDACITY\simulator-windows-64\IMG\right_2020_05_31_07_15_28_655.jpg, 0, 1, 0, 8.380454
D:\UDACITY\simulator-windows-64\IMG\center_2020_05_31_07_15_28_784.jpg, D:\UDACITY\simulator-windows-64\IMG\left_2020_05_31_07_15_28_784.jpg, D:\UDACITY\simulator-windows-64\IMG\right_2020_05_31_07_15_28_784.jpg, 0, 1, 0, 9.949901
D:\UDACITY\simulator-windows-64\IMG\center_2020_05_31_07_15_28_916.jpg, D:\UDACITY\simulator-windows-64\IMG\left_2020_05_31_07_15_28_916.jpg, D:\UDACITY\simulator-windows-64\IMG\right_2020_05_31_07_15_28_916.jpg, 0, 1, 0, 11.27796
D:\UDACITY\simulator-windows-64\IMG\center_2020_05_31_07_15_29_045.jpg, D:\UDACITY\simulator-windows-64\IMG\left_2020_05_31_07_15_29_045.jpg, D:\UDACITY\simulator-windows-64\IMG\right_2020_05_31_07_15_29_045.jpg, 0, 0.6125282, 0, 12.26433
D:\UDACITY\simulator-windows-64\IMG\center_2020_05_31_07_15_29_213.jpg, D:\UDACITY\simulator-windows-64\IMG\left_2020_05_31_07_15_29_213.jpg, D:\UDACITY\simulator-windows-64\IMG\right_2020_05_31_07_15_29_213.jpg, -0.4376211, 0.1749071, 0, 12.03109
D:\UDACITY\simulator-windows-64\IMG\center_2020_05_31_07_15_29_345.jpg, D:\UDACITY\simulator-windows-64\IMG\left_2020_05_31_07_15_29_345.jpg, D:\UDACITY\simulator-windows-64\IMG\right_2020_05_31_07_15_29_345.jpg, -0.826605, 0, 0, 11.70045
D:\UDACITY\simulator-windows-64\IMG\center_2020_05_31_07_15_29_480.jpg, D:\UDACITY\simulator-windows-64\IMG\left_2020_05_31_07_15_29_480.jpg, D:\UDACITY\simulator-windows-64\IMG\right_2020_05_31_07_15_29_480.jpg, -1, 0, 0, 11.40045
D:\UDACITY\simulator-windows-64\IMG\center_2020_05_31_07_15_29_597.jpg, D:\UDACITY\simulator-windows-64\IMG\left_2020_05_31_07_15_29_597.jpg, D:\UDACITY\simulator-windows-64\IMG\right_2020_05_31_07_15_29_597.jpg, -1, 0, 0, 11.24772
D:\UDACITY\simulator-windows-64\IMG\center_2020_05_31_07_15_29_728.jpg, D:\UDACITY\simulator-windows-64\IMG\left_2020_05_31_07_15_29_728.jpg, D:\UDACITY\simulator-windows-64\IMG\right_2020_05_31_07_15_29_728.jpg, -1, 0, 0, 11.0472
D:\UDACITY\simulator-windows-64\IMG\center_2020_05_31_07_15_29_890.jpg, D:\UDACITY\simulator-windows-64\IMG\left_2020_05_31_07_15_29_890.jpg, D:\UDACITY\simulator-windows-64\IMG\right_2020_05_31_07_15_29_890.jpg, -0.5163615, 0, 0, 10.91443
D:\UDACITY\simulator-windows-64\IMG\center_2020_05_31_07_15_30_010.jpg, D:\UDACITY\simulator-windows-64\IMG\left_2020_05_31_07_15_30_010.jpg, D:\UDACITY\simulator-windows-64\IMG\right_2020_05_31_07_15_30_010.jpg, 0, 0, 0, 10.69605
D:\UDACITY\simulator-windows-64\IMG\center_2020_05_31_07_15_30_137.jpg, D:\UDACITY\simulator-windows-64\IMG\left_2020_05_31_07_15_30_137.jpg, D:\UDACITY\simulator-windows-64\IMG\right_2020_05_31_07_15_30_137.jpg, 0.3874024, 0, 0, 10.42211
D:\UDACITY\simulator-windows-64\IMG\center_2020_05_31_07_15_30_269.jpg, D:\UDACITY\simulator-windows-64\IMG\left_2020_05_31_07_15_30_269.jpg, D:\UDACITY\simulator-windows-64\IMG\right_2020_05_31_07_15_30_269.jpg, 0.7820503, 0, 0, 10.04156
D:\UDACITY\simulator-windows-64\IMG\center_2020_05_31_07_15_30_417.jpg, D:\UDACITY\simulator-windows-64\IMG\left_2020_05_31_07_15_30_417.jpg, D:\UDACITY\simulator-windows-64\IMG\right_2020_05_31_07_15_30_417.jpg, 1, 0, 0, 9.73322
D:\UDACITY\simulator-windows-64\IMG\center_2020_05_31_07_15_30_540.jpg, D:\UDACITY\simulator-windows-64\IMG\left_2020_05_31_07_15_30_540.jpg, D:\UDACITY\simulator-windows-64\IMG\right_2020_05_31_07_15_30_540.jpg, 1, 0, 0, 9.573156
D:\UDACITY\simulator-windows-64\IMG\center_2020_05_31_07_15_30_672.jpg, D:\UDACITY\simulator-windows-64\IMG\left_2020_05_31_07_15_30_672.jpg, D:\UDACITY\simulator-windows-64\IMG\right_2020_05_31_07_15_30_672.jpg, 1, 0, 0, 9.400315
D:\UDACITY\simulator-windows-64\IMG\center_2020_05_31_07_15_30_804.jpg, D:\UDACITY\simulator-windows-64\IMG\left_2020_05_31_07_15_30_804.jpg, D:\UDACITY\simulator-windows-64\IMG\right_2020_05_31_07_15_30_804.jpg, 1, 0, 0, 9.25566
D:\UDACITY\simulator-windows-64\IMG\center_2020_05_31_07_15_30_937.jpg, D:\UDACITY\simulator-windows-64\IMG\left_2020_05_31_07_15_30_937.jpg, D:\UDACITY\simulator-windows-64\IMG\right_2020_05_31_07_15_30_937.jpg, 0.5995082, 0, 0, 9.169293
D:\UDACITY\simulator-windows-64\IMG\center_2020_05_31_07_15_31_070.jpg, D:\UDACITY\simulator-windows-64\IMG\left_2020_05_31_07_15_31_070.jpg, D:\UDACITY\simulator-windows-64\IMG\right_2020_05_31_07_15_31_070.jpg, 0.2096204, 0, 0, 9.030878
D:\UDACITY\simulator-windows-64\IMG\center_2020_05_31_07_15_31_196.jpg, D:\UDACITY\simulator-windows-64\IMG\left_2020_05_31_07_15_31_196.jpg, D:\UDACITY\simulator-windows-64\IMG\right_2020_05_31_07_15_31_196.jpg, 0, 0, 0, 8.907178
D:\UDACITY\simulator-windows-64\IMG\center_2020_05_31_07_15_31_323.jpg, D:\UDACITY\simulator-windows-64\IMG\left_2020_05_31_07_15_31_323.jpg, D:\UDACITY\simulator-windows-64\IMG\right_2020_05_31_07_15_31_323.jpg, -0.3791185, 0, 0, 8.702492
D:\UDACITY\simulator-windows-64\IMG\center_2020_05_31_07_15_31_456.jpg, D:\UDACITY\simulator-windows-64\IMG\left_2020_05_31_07_15_31_456.jpg, D:\UDACITY\simulator-windows-64\IMG\right_2020_05_31_07_15_31_456.jpg, -0.7762316, 0, 0, 8.391901
D:\UDACITY\simulator-windows-64\IMG\center_2020_05_31_07_15_31_585.jpg, D:\UDACITY\simulator-windows-64\IMG\left_2020_05_31_07_15_31_585.jpg, D:\UDACITY\simulator-windows-64\IMG\right_2020_05_31_07_15_31_585.jpg, -1, 0, 0, 8.130616
D:\UDACITY\simulator-windows-64\IMG\center_2020_05_31_07_15_31_848.jpg, D:\UDACITY\simulator-windows-64\IMG\left_2020_05_31_07_15_31_848.jpg, D:\UDACITY\simulator-windows-64\IMG\right_2020_05_31_07_15_31_848.jpg, -1, 0, 0, 7.8673
D:\UDACITY\simulator-windows-64\IMG\center_2020_05_31_07_15_32_046.jpg, D:\UDACITY\simulator-windows-64\IMG\left_2020_05_31_07_15_32_046.jpg, D:\UDACITY\simulator-windows-64\IMG\right_2020_05_31_07_15_32_046.jpg, -0.3955362, 0, 0, 7.696544
D:\UDACITY\simulator-windows-64\IMG\center_2020_05_31_07_15_32_198.jpg, D:\UDACITY\simulator-windows-64\IMG\left_2020_05_31_07_15_32_198.jpg, D:\UDACITY\simulator-windows-64\IMG\right_2020_05_31_07_15_32_198.jpg, 0, 0, 0, 7.555394
D:\UDACITY\simulator-windows-64\IMG\center_2020_05_31_07_15_32_362.jpg, D:\UDACITY\simulator-windows-64\IMG\left_2020_05_31_07_15_32_362.jpg, D:\UDACITY\simulator-windows-64\IMG\right_2020_05_31_07_15_32_362.jpg, 0, 0, 0, 7.434162
D:\UDACITY\simulator-windows-64\IMG\center_2020_05_31_07_15_32_517.jpg, D:\UDACITY\simulator-windows-64\IMG\left_2020_05_31_07_15_32_517.jpg, D:\UDACITY\simulator-windows-64\IMG\right_2020_05_31_07_15_32_517.jpg, 0.4554771, 0, 0, 7.205467
D:\UDACITY\simulator-windows-64\IMG\center_2020_05_31_07_15_32_687.jpg, D:\UDACITY\simulator-windows-64\IMG\left_2020_05_31_07_15_32_687.jpg, D:\UDACITY\simulator-windows-64\IMG\right_2020_05_31_07_15_32_687.jpg, 0.9752382, 0, 0, 6.818972
D:\UDACITY\simulator-windows-64\IMG\center_2020_05_31_07_15_32_850.jpg, D:\UDACITY\simulator-windows-64\IMG\left_2020_05_31_07_15_32_850.jpg, D:\UDACITY\simulator-windows-64\IMG\right_2020_05_31_07_15_32_850.jpg, 1, 0, 0, 6.660491
D:\UDACITY\simulator-windows-64\IMG\center_2020_05_31_07_15_33_002.jpg, D:\UDACITY\simulator-windows-64\IMG\left_2020_05_31_07_15_33_002.jpg, D:\UDACITY\simulator-windows-64\IMG\right_2020_05_31_07_15_33_002.jpg, 0.5428376, 0, 0, 6.59185
D:\UDACITY\simulator-windows-64\IMG\center_2020_05_31_07_15_33_151.jpg, D:\UDACITY\simulator-windows-64\IMG\left_2020_05_31_07_15_33_151.jpg, D:\UDACITY\simulator-windows-64\IMG\right_2020_05_31_07_15_33_151.jpg, 0, 0, 0, 6.428773
D:\UDACITY\simulator-windows-64\IMG\center_2020_05_31_07_15_33_296.jpg, D:\UDACITY\simulator-windows-64\IMG\left_2020_05_31_07_15_33_296.jpg, D:\UDACITY\simulator-windows-64\IMG\right_2020_05_31_07_15_33_296.jpg, 0, 0, 0, 6.338481
D:\UDACITY\simulator-windows-64\IMG\center_2020_05_31_07_15_33_585.jpg, D:\UDACITY\simulator-windows-64\IMG\left_2020_05_31_07_15_33_585.jpg, D:\UDACITY\simulator-windows-64\IMG\right_2020_05_31_07_15_33_585.jpg, 0, 0, 0, 6.156888
D:\UDACITY\simulator-windows-64\IMG\center_2020_05_31_07_15_33_727.jpg, D:\UDACITY\simulator-windows-64\IMG\left_2020_05_31_07_15_33_727.jpg, D:\UDACITY\simulator-windows-64\IMG\right_2020_05_31_07_15_33_727.jpg, 0, 0, 0, 6.053474
D:\UDACITY\simulator-windows-64\IMG\center_2020_05_31_07_15_33_864.jpg, D:\UDACITY\simulator-windows-64\IMG\left_2020_05_31_07_15_33_864.jpg, D:\UDACITY\simulator-windows-64\IMG\right_2020_05_31_07_15_33_864.jpg, 0, 0, 0, 5.977032
D:\UDACITY\simulator-windows-64\IMG\center_2020_05_31_07_15_34_004.jpg, D:\UDACITY\simulator-windows-64\IMG\left_2020_05_31_07_15_34_004.jpg, D:\UDACITY\simulator-windows-64\IMG\right_2020_05_31_07_15_34_004.jpg, 0, 0, 0, 5.889038
D:\UDACITY\simulator-windows-64\IMG\center_2020_05_31_07_15_34_145.jpg, D:\UDACITY\simulator-windows-64\IMG\left_2020_05_31_07_15_34_145.jpg, D:\UDACITY\simulator-windows-64\IMG\right_2020_05_31_07_15_34_145.jpg, 0, 0, 0, 5.790009
D:\UDACITY\simulator-windows-64\IMG\center_2020_05_31_07_15_34_364.jpg, D:\UDACITY\simulator-windows-64\IMG\left_2020_05_31_07_15_34_364.jpg, D:\UDACITY\simulator-windows-64\IMG\right_2020_05_31_07_15_34_364.jpg, 0, 0, 0, 5.668507
D:\UDACITY\simulator-windows-64\IMG\center_2020_05_31_07_15_34_594.jpg, D:\UDACITY\simulator-windows-64\IMG\left_2020_05_31_07_15_34_594.jpg, D:\UDACITY\simulator-windows-64\IMG\right_2020_05_31_07_15_34_594.jpg, -0.6893823, 0, 0, 5.331122
D:\UDACITY\simulator-windows-64\IMG\center_2020_05_31_07_15_34_800.jpg, D:\UDACITY\simulator-windows-64\IMG\left_2020_05_31_07_15_34_800.jpg, D:\UDACITY\simulator-windows-64\IMG\right_2020_05_31_07_15_34_800.jpg, -1, 0, 0, 5.097839
D:\UDACITY\simulator-windows-64\IMG\center_2020_05_31_07_15_34_937.jpg, D:\UDACITY\simulator-windows-64\IMG\left_2020_05_31_07_15_34_937.jpg, D:\UDACITY\simulator-windows-64\IMG\right_2020_05_31_07_15_34_937.jpg, -1, 0, 0, 4.997308
D:\UDACITY\simulator-windows-64\IMG\center_2020_05_31_07_15_35_068.jpg, D:\UDACITY\simulator-windows-64\IMG\left_2020_05_31_07_15_35_068.jpg, D:\UDACITY\simulator-windows-64\IMG\right_2020_05_31_07_15_35_068.jpg, -1, 0, 0, 4.900019
D:\UDACITY\simulator-windows-64\IMG\center_2020_05_31_07_15_35_205.jpg, D:\UDACITY\simulator-windows-64\IMG\left_2020_05_31_07_15_35_205.jpg, D:\UDACITY\simulator-windows-64\IMG\right_2020_05_31_07_15_35_205.jpg, -1, 0, 0, 4.80547
D:\UDACITY\simulator-windows-64\IMG\center_2020_05_31_07_15_35_338.jpg, D:\UDACITY\simulator-windows-64\IMG\left_2020_05_31_07_15_35_338.jpg, D:\UDACITY\simulator-windows-64\IMG\right_2020_05_31_07_15_35_338.jpg, -0.6007855, 0, 0, 4.768822
D:\UDACITY\simulator-windows-64\IMG\center_2020_05_31_07_15_35_501.jpg, D:\UDACITY\simulator-windows-64\IMG\left_2020_05_31_07_15_35_501.jpg, D:\UDACITY\simulator-windows-64\IMG\right_2020_05_31_07_15_35_501.jpg, -0.111507, 0, 0, 4.66898
D:\UDACITY\simulator-windows-64\IMG\center_2020_05_31_07_15_35_749.jpg, D:\UDACITY\simulator-windows-64\IMG\left_2020_05_31_07_15_35_749.jpg, D:\UDACITY\simulator-windows-64\IMG\right_2020_05_31_07_15_35_749.jpg, -0.848732, 0, 0, 4.343847
D:\UDACITY\simulator-windows-64\IMG\center_2020_05_31_07_15_35_967.jpg, D:\UDACITY\simulator-windows-64\IMG\left_2020_05_31_07_15_35_967.jpg, D:\UDACITY\simulator-windows-64\IMG\right_2020_05_31_07_15_35_967.jpg, -1, 0, 0, 4.184492
D:\UDACITY\simulator-windows-64\IMG\center_2020_05_31_07_15_36_156.jpg, D:\UDACITY\simulator-windows-64\IMG\left_2020_05_31_07_15_36_156.jpg, D:\UDACITY\simulator-windows-64\IMG\right_2020_05_31_07_15_36_156.jpg, -1, 0, 0, 4.075105
D:\UDACITY\simulator-windows-64\IMG\center_2020_05_31_07_15_36_292.jpg, D:\UDACITY\simulator-windows-64\IMG\left_2020_05_31_07_15_36_292.jpg, D:\UDACITY\simulator-windows-64\IMG\right_2020_05_31_07_15_36_292.jpg, -1, 0, 0, 3.992129
D:\UDACITY\simulator-windows-64\IMG\center_2020_05_31_07_15_36_580.jpg, D:\UDACITY\simulator-windows-64\IMG\left_2020_05_31_07_15_36_580.jpg, D:\UDACITY\simulator-windows-64\IMG\right_2020_05_31_07_15_36_580.jpg, -0.139059, 0, 0, 3.821181
D:\UDACITY\simulator-windows-64\IMG\center_2020_05_31_07_15_36_732.jpg, D:\UDACITY\simulator-windows-64\IMG\left_2020_05_31_07_15_36_732.jpg, D:\UDACITY\simulator-windows-64\IMG\right_2020_05_31_07_15_36_732.jpg, 0, 0, 0, 3.75974
D:\UDACITY\simulator-windows-64\IMG\center_2020_05_31_07_15_36_873.jpg, D:\UDACITY\simulator-windows-64\IMG\left_2020_05_31_07_15_36_873.jpg, D:\UDACITY\simulator-windows-64\IMG\right_2020_05_31_07_15_36_873.jpg, 0.4222438, 0, 0, 3.658867
D:\UDACITY\simulator-windows-64\IMG\center_2020_05_31_07_15_37_017.jpg, D:\UDACITY\simulator-windows-64\IMG\left_2020_05_31_07_15_37_017.jpg, D:\UDACITY\simulator-windows-64\IMG\right_2020_05_31_07_15_37_017.jpg, 0.8546662, 0, 0, 3.514998
D:\UDACITY\simulator-windows-64\IMG\center_2020_05_31_07_15_37_154.jpg, D:\UDACITY\simulator-windows-64\IMG\left_2020_05_31_07_15_37_154.jpg, D:\UDACITY\simulator-windows-64\IMG\right_2020_05_31_07_15_37_154.jpg, 1, 0, 0, 3.415021
D:\UDACITY\simulator-windows-64\IMG\center_2020_05_31_07_15_37_289.jpg, D:\UDACITY\simulator-windows-64\IMG\left_2020_05_31_07_15_37_289.jpg, D:\UDACITY\simulator-windows-64\IMG\right_2020_05_31_07_15_37_289.jpg, 1, 0, 0, 3.340526
D:\UDACITY\simulator-windows-64\IMG\center_2020_05_31_07_15_37_496.jpg, D:\UDACITY\simulator-windows-64\IMG\left_2020_05_31_07_15_37_496.jpg, D:\UDACITY\simulator-windows-64\IMG\right_2020_05_31_07_15_37_496.jpg, 0.3782843, 0, 0, 3.267996
D:\UDACITY\simulator-windows-64\IMG\center_2020_05_31_07_15_37_629.jpg, D:\UDACITY\simulator-windows-64\IMG\left_2020_05_31_07_15_37_629.jpg, D:\UDACITY\simulator-windows-64\IMG\right_2020_05_31_07_15_37_629.jpg, 0, 0.4015478, 0, 3.876922
D:\UDACITY\simulator-windows-64\IMG\center_2020_05_31_07_15_37_761.jpg, D:\UDACITY\simulator-windows-64\IMG\left_2020_05_31_07_15_37_761.jpg, D:\UDACITY\simulator-windows-64\IMG\right_2020_05_31_07_15_37_761.jpg, 0, 0.798525, 0, 4.972259
D:\UDACITY\simulator-windows-64\IMG\center_2020_05_31_07_15_37_942.jpg, D:\UDACITY\simulator-windows-64\IMG\left_2020_05_31_07_15_37_942.jpg, D:\UDACITY\simulator-windows-64\IMG\right_2020_05_31_07_15_37_942.jpg, 0, 1, 0, 7.035638
D:\UDACITY\simulator-windows-64\IMG\center_2020_05_31_07_15_38_077.jpg, D:\UDACITY\simulator-windows-64\IMG\left_2020_05_31_07_15_38_077.jpg, D:\UDACITY\simulator-windows-64\IMG\right_2020_05_31_07_15_38_077.jpg, 0, 1, 0, 8.623422
D:\UDACITY\simulator-windows-64\IMG\center_2020_05_31_07_15_38_393.jpg, D:\UDACITY\simulator-windows-64\IMG\left_2020_05_31_07_15_38_393.jpg, D:\UDACITY\simulator-windows-64\IMG\right_2020_05_31_07_15_38_393.jpg, -0.9368663, 0.06313372, 0, 8.072472
D:\UDACITY\simulator-windows-64\IMG\center_2020_05_31_07_15_38_540.jpg, D:\UDACITY\simulator-windows-64\IMG\left_2020_05_31_07_15_38_540.jpg, D:\UDACITY\simulator-windows-64\IMG\right_2020_05_31_07_15_38_540.jpg, -1, 0, 0, 7.90585
D:\UDACITY\simulator-windows-64\IMG\center_2020_05_31_07_15_38_678.jpg, D:\UDACITY\simulator-windows-64\IMG\left_2020_05_31_07_15_38_678.jpg, D:\UDACITY\simulator-windows-64\IMG\right_2020_05_31_07_15_38_678.jpg, -1, 0, 0, 7.758737
D:\UDACITY\simulator-windows-64\IMG\center_2020_05_31_07_15_38_935.jpg, D:\UDACITY\simulator-windows-64\IMG\left_2020_05_31_07_15_38_935.jpg, D:\UDACITY\simulator-windows-64\IMG\right_2020_05_31_07_15_38_935.jpg, -0.2334137, 0, 0, 7.497325
D:\UDACITY\simulator-windows-64\IMG\center_2020_05_31_07_15_39_077.jpg, D:\UDACITY\simulator-windows-64\IMG\left_2020_05_31_07_15_39_077.jpg, D:\UDACITY\simulator-windows-64\IMG\right_2020_05_31_07_15_39_077.jpg, 0, 0, 0, 7.380849
D:\UDACITY\simulator-windows-64\IMG\center_2020_05_31_07_15_39_217.jpg, D:\UDACITY\simulator-windows-64\IMG\left_2020_05_31_07_15_39_217.jpg, D:\UDACITY\simulator-windows-64\IMG\right_2020_05_31_07_15_39_217.jpg, 0, 0, 0, 7.277256
D:\UDACITY\simulator-windows-64\IMG\center_2020_05_31_07_15_39_450.jpg, D:\UDACITY\simulator-windows-64\IMG\left_2020_05_31_07_15_39_450.jpg, D:\UDACITY\simulator-windows-64\IMG\right_2020_05_31_07_15_39_450.jpg, 0.6943117, 0, 0, 6.841925
D:\UDACITY\simulator-windows-64\IMG\center_2020_05_31_07_15_39_591.jpg, D:\UDACITY\simulator-windows-64\IMG\left_2020_05_31_07_15_39_591.jpg, D:\UDACITY\simulator-windows-64\IMG\right_2020_05_31_07_15_39_591.jpg, 1, 0, 0, 6.60682
D:\UDACITY\simulator-windows-64\IMG\center_2020_05_31_07_15_39_730.jpg, D:\UDACITY\simulator-windows-64\IMG\left_2020_05_31_07_15_39_730.jpg, D:\UDACITY\simulator-windows-64\IMG\right_2020_05_31_07_15_39_730.jpg, 1, 0, 0, 6.475795
D:\UDACITY\simulator-windows-64\IMG\center_2020_05_31_07_15_39_872.jpg, D:\UDACITY\simulator-windows-64\IMG\left_2020_05_31_07_15_39_872.jpg, D:\UDACITY\simulator-windows-64\IMG\right_2020_05_31_07_15_39_872.jpg, 1, 0, 0, 6.351862
D:\UDACITY\simulator-windows-64\IMG\center_2020_05_31_07_15_40_017.jpg, D:\UDACITY\simulator-windows-64\IMG\left_2020_05_31_07_15_40_017.jpg, D:\UDACITY\simulator-windows-64\IMG\right_2020_05_31_07_15_40_017.jpg, 0.5648335, 0, 0, 6.287981
D:\UDACITY\simulator-windows-64\IMG\center_2020_05_31_07_15_40_155.jpg, D:\UDACITY\simulator-windows-64\IMG\left_2020_05_31_07_15_40_155.jpg, D:\UDACITY\simulator-windows-64\IMG\right_2020_05_31_07_15_40_155.jpg, 0.1508684, 0, 0, 6.184659
D:\UDACITY\simulator-windows-64\IMG\center_2020_05_31_07_15_40_294.jpg, D:\UDACITY\simulator-windows-64\IMG\left_2020_05_31_07_15_40_294.jpg, D:\UDACITY\simulator-windows-64\IMG\right_2020_05_31_07_15_40_294.jpg, 0, 0, 0, 6.09276
D:\UDACITY\simulator-windows-64\IMG\center_2020_05_31_07_15_40_437.jpg, D:\UDACITY\simulator-windows-64\IMG\left_2020_05_31_07_15_40_437.jpg, D:\UDACITY\simulator-windows-64\IMG\right_2020_05_31_07_15_40_437.jpg, -0.4226078, 0, 0, 5.927817
D:\UDACITY\simulator-windows-64\IMG\center_2020_05_31_07_15_40_570.jpg, D:\UDACITY\simulator-windows-64\IMG\left_2020_05_31_07_15_40_570.jpg, D:\UDACITY\simulator-windows-64\IMG\right_2020_05_31_07_15_40_570.jpg, -0.8294983, 0, 0, 5.711226
D:\UDACITY\simulator-windows-64\IMG\center_2020_05_31_07_15_40_707.jpg, D:\UDACITY\simulator-windows-64\IMG\left_2020_05_31_07_15_40_707.jpg, D:\UDACITY\simulator-windows-64\IMG\right_2020_05_31_07_15_40_707.jpg, -1, 0, 0, 5.549929
D:\UDACITY\simulator-windows-64\IMG\center_2020_05_31_07_15_40_942.jpg, D:\UDACITY\simulator-windows-64\IMG\left_2020_05_31_07_15_40_942.jpg, D:\UDACITY\simulator-windows-64\IMG\right_2020_05_31_07_15_40_942.jpg, -1, 0, 0, 5.378179
D:\UDACITY\simulator-windows-64\IMG\center_2020_05_31_07_15_41_081.jpg, D:\UDACITY\simulator-windows-64\IMG\left_2020_05_31_07_15_41_081.jpg, D:\UDACITY\simulator-windows-64\IMG\right_2020_05_31_07_15_41_081.jpg, -0.5791402, 0, 0, 5.320492
D:\UDACITY\simulator-windows-64\IMG\center_2020_05_31_07_15_41_224.jpg, D:\UDACITY\simulator-windows-64\IMG\left_2020_05_31_07_15_41_224.jpg, D:\UDACITY\simulator-windows-64\IMG\right_2020_05_31_07_15_41_224.jpg, -0.1513297, 0, 0, 5.229185
D:\UDACITY\simulator-windows-64\IMG\center_2020_05_31_07_15_41_491.jpg, D:\UDACITY\simulator-windows-64\IMG\left_2020_05_31_07_15_41_491.jpg, D:\UDACITY\simulator-windows-64\IMG\right_2020_05_31_07_15_41_491.jpg, 0, 0.7959303, 0, 7.706777
D:\UDACITY\simulator-windows-64\IMG\center_2020_05_31_07_15_41_628.jpg, D:\UDACITY\simulator-windows-64\IMG\left_2020_05_31_07_15_41_628.jpg, D:\UDACITY\simulator-windows-64\IMG\right_2020_05_31_07_15_41_628.jpg, 0, 1, 0, 9.268428
D:\UDACITY\simulator-windows-64\IMG\center_2020_05_31_07_15_41_769.jpg, D:\UDACITY\simulator-windows-64\IMG\left_2020_05_31_07_15_41_769.jpg, D:\UDACITY\simulator-windows-64\IMG\right_2020_05_31_07_15_41_769.jpg, 0, 1, 0, 10.82284
D:\UDACITY\simulator-windows-64\IMG\center_2020_05_31_07_15_41_963.jpg, D:\UDACITY\simulator-windows-64\IMG\left_2020_05_31_07_15_41_963.jpg, D:\UDACITY\simulator-windows-64\IMG\right_2020_05_31_07_15_41_963.jpg, 0, 1, 0, 12.77007
D:\UDACITY\simulator-windows-64\IMG\center_2020_05_31_07_15_42_140.jpg, D:\UDACITY\simulator-windows-64\IMG\left_2020_05_31_07_15_42_140.jpg, D:\UDACITY\simulator-windows-64\IMG\right_2020_05_31_07_15_42_140.jpg, 0, 1, 0, 14.42355
D:\UDACITY\simulator-windows-64\IMG\center_2020_05_31_07_15_42_301.jpg, D:\UDACITY\simulator-windows-64\IMG\left_2020_05_31_07_15_42_301.jpg, D:\UDACITY\simulator-windows-64\IMG\right_2020_05_31_07_15_42_301.jpg, 0, 1, 0, 16.0505
D:\UDACITY\simulator-windows-64\IMG\center_2020_05_31_07_15_42_428.jpg, D:\UDACITY\simulator-windows-64\IMG\left_2020_05_31_07_15_42_428.jpg, D:\UDACITY\simulator-windows-64\IMG\right_2020_05_31_07_15_42_428.jpg, 0, 0.5088109, 0, 16.74561
D:\UDACITY\simulator-windows-64\IMG\center_2020_05_31_07_15_42_573.jpg, D:\UDACITY\simulator-windows-64\IMG\left_2020_05_31_07_15_42_573.jpg, D:\UDACITY\simulator-windows-64\IMG\right_2020_05_31_07_15_42_573.jpg, 0, 0.07299241, 0, 16.97173
D:\UDACITY\simulator-windows-64\IMG\center_2020_05_31_07_15_42_958.jpg, D:\UDACITY\simulator-windows-64\IMG\left_2020_05_31_07_15_42_958.jpg, D:\UDACITY\simulator-windows-64\IMG\right_2020_05_31_07_15_42_958.jpg, 0, 0, 0, 15.91379
D:\UDACITY\simulator-windows-64\IMG\center_2020_05_31_07_15_43_100.jpg, D:\UDACITY\simulator-windows-64\IMG\left_2020_05_31_07_15_43_100.jpg, D:\UDACITY\simulator-windows-64\IMG\right_2020_05_31_07_15_43_100.jpg, 0, 0, 0, 16.24213
D:\UDACITY\simulator-windows-64\IMG\center_2020_05_31_07_15_43_276.jpg, D:\UDACITY\simulator-windows-64\IMG\left_2020_05_31_07_15_43_276.jpg, D:\UDACITY\simulator-windows-64\IMG\right_2020_05_31_07_15_43_276.jpg, 0, 0, 0, 15.43378
D:\UDACITY\simulator-windows-64\IMG\center_2020_05_31_07_15_43_464.jpg, D:\UDACITY\simulator-windows-64\IMG\left_2020_05_31_07_15_43_464.jpg, D:\UDACITY\simulator-windows-64\IMG\right_2020_05_31_07_15_43_464.jpg, 0, 0, 0, 15.68194
D:\UDACITY\simulator-windows-64\IMG\center_2020_05_31_07_15_43_605.jpg, D:\UDACITY\simulator-windows-64\IMG\left_2020_05_31_07_15_43_605.jpg, D:\UDACITY\simulator-windows-64\IMG\right_2020_05_31_07_15_43_605.jpg, 0, 0, 0, 14.94623
D:\UDACITY\simulator-windows-64\IMG\center_2020_05_31_07_15_43_746.jpg, D:\UDACITY\simulator-windows-64\IMG\left_2020_05_31_07_15_43_746.jpg, D:\UDACITY\simulator-windows-64\IMG\right_2020_05_31_07_15_43_746.jpg, 0, 0, 0, 15.25282
D:\UDACITY\simulator-windows-64\IMG\center_2020_05_31_07_15_43_894.jpg, D:\UDACITY\simulator-windows-64\IMG\left_2020_05_31_07_15_43_894.jpg, D:\UDACITY\simulator-windows-64\IMG\right_2020_05_31_07_15_43_894.jpg, 0, 0, 0, 15.01315
D:\UDACITY\simulator-windows-64\IMG\center_2020_05_31_07_15_44_035.jpg, D:\UDACITY\simulator-windows-64\IMG\left_2020_05_31_07_15_44_035.jpg, D:\UDACITY\simulator-windows-64\IMG\right_2020_05_31_07_15_44_035.jpg, 0, 0, 0, 14.2963
D:\UDACITY\simulator-windows-64\IMG\center_2020_05_31_07_15_44_181.jpg, D:\UDACITY\simulator-windows-64\IMG\left_2020_05_31_07_15_44_181.jpg, D:\UDACITY\simulator-windows-64\IMG\right_2020_05_31_07_15_44_181.jpg, 0, 0, 0, 14.59628
D:\UDACITY\simulator-windows-64\IMG\center_2020_05_31_07_15_44_480.jpg, D:\UDACITY\simulator-windows-64\IMG\left_2020_05_31_07_15_44_480.jpg, D:\UDACITY\simulator-windows-64\IMG\right_2020_05_31_07_15_44_480.jpg, 0, 0, 0, 13.646
D:\UDACITY\simulator-windows-64\IMG\center_2020_05_31_07_15_44_618.jpg, D:\UDACITY\simulator-windows-64\IMG\left_2020_05_31_07_15_44_618.jpg, D:\UDACITY\simulator-windows-64\IMG\right_2020_05_31_07_15_44_618.jpg, 0, 0, 0, 13.99234
D:\UDACITY\simulator-windows-64\IMG\center_2020_05_31_07_15_44_760.jpg, D:\UDACITY\simulator-windows-64\IMG\left_2020_05_31_07_15_44_760.jpg, D:\UDACITY\simulator-windows-64\IMG\right_2020_05_31_07_15_44_760.jpg, 0, 0, 0, 13.16896
D:\UDACITY\simulator-windows-64\IMG\center_2020_05_31_07_15_44_894.jpg, D:\UDACITY\simulator-windows-64\IMG\left_2020_05_31_07_15_44_894.jpg, D:\UDACITY\simulator-windows-64\IMG\right_2020_05_31_07_15_44_894.jpg, 0, 0, 0, 13.5371
D:\UDACITY\simulator-windows-64\IMG\center_2020_05_31_07_15_45_036.jpg, D:\UDACITY\simulator-windows-64\IMG\left_2020_05_31_07_15_45_036.jpg, D:\UDACITY\simulator-windows-64\IMG\right_2020_05_31_07_15_45_036.jpg, 0, 0, 0, 12.78571
D:\UDACITY\simulator-windows-64\IMG\center_2020_05_31_07_15_45_257.jpg, D:\UDACITY\simulator-windows-64\IMG\left_2020_05_31_07_15_45_257.jpg, D:\UDACITY\simulator-windows-64\IMG\right_2020_05_31_07_15_45_257.jpg, 0, 0, 0, 13.05215
D:\UDACITY\simulator-windows-64\IMG\center_2020_05_31_07_15_45_396.jpg, D:\UDACITY\simulator-windows-64\IMG\left_2020_05_31_07_15_45_396.jpg, D:\UDACITY\simulator-windows-64\IMG\right_2020_05_31_07_15_45_396.jpg, -0.4331118, 0, 0, 12.23538
D:\UDACITY\simulator-windows-64\IMG\center_2020_05_31_07_15_45_539.jpg, D:\UDACITY\simulator-windows-64\IMG\left_2020_05_31_07_15_45_539.jpg, D:\UDACITY\simulator-windows-64\IMG\right_2020_05_31_07_15_45_539.jpg, -0.8708956, 0, 0, 12.26718
D:\UDACITY\simulator-windows-64\IMG\center_2020_05_31_07_15_45_799.jpg, D:\UDACITY\simulator-windows-64\IMG\left_2020_05_31_07_15_45_799.jpg, D:\UDACITY\simulator-windows-64\IMG\right_2020_05_31_07_15_45_799.jpg, -0.1220413, 0, 0, 11.45974
D:\UDACITY\simulator-windows-64\IMG\center_2020_05_31_07_15_45_950.jpg, D:\UDACITY\simulator-windows-64\IMG\left_2020_05_31_07_15_45_950.jpg, D:\UDACITY\simulator-windows-64\IMG\right_2020_05_31_07_15_45_950.jpg, 0, 0, 0, 11.57243
D:\UDACITY\simulator-windows-64\IMG\center_2020_05_31_07_15_46_161.jpg, D:\UDACITY\simulator-windows-64\IMG\left_2020_05_31_07_15_46_161.jpg, D:\UDACITY\simulator-windows-64\IMG\right_2020_05_31_07_15_46_161.jpg, 0, 0, 0, 11.0772
D:\UDACITY\simulator-windows-64\IMG\center_2020_05_31_07_15_46_310.jpg, D:\UDACITY\simulator-windows-64\IMG\left_2020_05_31_07_15_46_310.jpg, D:\UDACITY\simulator-windows-64\IMG\right_2020_05_31_07_15_46_310.jpg, 0.4825638, 0, 0, 10.88081
D:\UDACITY\simulator-windows-64\IMG\center_2020_05_31_07_15_46_425.jpg, D:\UDACITY\simulator-windows-64\IMG\left_2020_05_31_07_15_46_425.jpg, D:\UDACITY\simulator-windows-64\IMG\right_2020_05_31_07_15_46_425.jpg, 0.9104889, 0, 0, 10.4565
D:\UDACITY\simulator-windows-64\IMG\center_2020_05_31_07_15_46_669.jpg, D:\UDACITY\simulator-windows-64\IMG\left_2020_05_31_07_15_46_669.jpg, D:\UDACITY\simulator-windows-64\IMG\right_2020_05_31_07_15_46_669.jpg, 1, 0, 0, 10.07993
D:\UDACITY\simulator-windows-64\IMG\center_2020_05_31_07_15_46_860.jpg, D:\UDACITY\simulator-windows-64\IMG\left_2020_05_31_07_15_46_860.jpg, D:\UDACITY\simulator-windows-64\IMG\right_2020_05_31_07_15_46_860.jpg, 0.4224256, 0, 0, 9.908562
D:\UDACITY\simulator-windows-64\IMG\center_2020_05_31_07_15_47_026.jpg, D:\UDACITY\simulator-windows-64\IMG\left_2020_05_31_07_15_47_026.jpg, D:\UDACITY\simulator-windows-64\IMG\right_2020_05_31_07_15_47_026.jpg, 0, 0, 0, 9.702912
D:\UDACITY\simulator-windows-64\IMG\center_2020_05_31_07_15_47_159.jpg, D:\UDACITY\simulator-windows-64\IMG\left_2020_05_31_07_15_47_159.jpg, D:\UDACITY\simulator-windows-64\IMG\right_2020_05_31_07_15_47_159.jpg, -0.3986478, 0, 0, 9.450055
D:\UDACITY\simulator-windows-64\IMG\center_2020_05_31_07_15_47_309.jpg, D:\UDACITY\simulator-windows-64\IMG\left_2020_05_31_07_15_47_309.jpg, D:\UDACITY\simulator-windows-64\IMG\right_2020_05_31_07_15_47_309.jpg, -0.8495543, 0, 0, 9.073916
D:\UDACITY\simulator-windows-64\IMG\center_2020_05_31_07_15_47_449.jpg, D:\UDACITY\simulator-windows-64\IMG\left_2020_05_31_07_15_47_449.jpg, D:\UDACITY\simulator-windows-64\IMG\right_2020_05_31_07_15_47_449.jpg, -1, 0, 0, 8.82432
D:\UDACITY\simulator-windows-64\IMG\center_2020_05_31_07_15_47_588.jpg, D:\UDACITY\simulator-windows-64\IMG\left_2020_05_31_07_15_47_588.jpg, D:\UDACITY\simulator-windows-64\IMG\right_2020_05_31_07_15_47_588.jpg, -1, 0, 0, 8.657615
D:\UDACITY\simulator-windows-64\IMG\center_2020_05_31_07_15_47_725.jpg, D:\UDACITY\simulator-windows-64\IMG\left_2020_05_31_07_15_47_725.jpg, D:\UDACITY\simulator-windows-64\IMG\right_2020_05_31_07_15_47_725.jpg, -1, 0, 0, 8.500592
D:\UDACITY\simulator-windows-64\IMG\center_2020_05_31_07_15_47_865.jpg, D:\UDACITY\simulator-windows-64\IMG\left_2020_05_31_07_15_47_865.jpg, D:\UDACITY\simulator-windows-64\IMG\right_2020_05_31_07_15_47_865.jpg, -1, 0, 0, 8.345897
D:\UDACITY\simulator-windows-64\IMG\center_2020_05_31_07_15_48_008.jpg, D:\UDACITY\simulator-windows-64\IMG\left_2020_05_31_07_15_48_008.jpg, D:\UDACITY\simulator-windows-64\IMG\right_2020_05_31_07_15_48_008.jpg, -0.5697682, 0, 0, 8.260987
D:\UDACITY\simulator-windows-64\IMG\center_2020_05_31_07_15_48_146.jpg, D:\UDACITY\simulator-windows-64\IMG\left_2020_05_31_07_15_48_146.jpg, D:\UDACITY\simulator-windows-64\IMG\right_2020_05_31_07_15_48_146.jpg, -0.1563217, 0, 0, 8.123274
D:\UDACITY\simulator-windows-64\IMG\center_2020_05_31_07_15_48_286.jpg, D:\UDACITY\simulator-windows-64\IMG\left_2020_05_31_07_15_48_286.jpg, D:\UDACITY\simulator-windows-64\IMG\right_2020_05_31_07_15_48_286.jpg, 0, 0, 0, 7.998735
D:\UDACITY\simulator-windows-64\IMG\center_2020_05_31_07_15_48_428.jpg, D:\UDACITY\simulator-windows-64\IMG\left_2020_05_31_07_15_48_428.jpg, D:\UDACITY\simulator-windows-64\IMG\right_2020_05_31_07_15_48_428.jpg, 0, 0, 0, 7.883812
D:\UDACITY\simulator-windows-64\IMG\center_2020_05_31_07_15_48_660.jpg, D:\UDACITY\simulator-windows-64\IMG\left_2020_05_31_07_15_48_660.jpg, D:\UDACITY\simulator-windows-64\IMG\right_2020_05_31_07_15_48_660.jpg, 0.6941891, 0, 0, 7.420387
D:\UDACITY\simulator-windows-64\IMG\center_2020_05_31_07_15_48_801.jpg, D:\UDACITY\simulator-windows-64\IMG\left_2020_05_31_07_15_48_801.jpg, D:\UDACITY\simulator-windows-64\IMG\right_2020_05_31_07_15_48_801.jpg, 1, 0, 0, 7.175006
D:\UDACITY\simulator-windows-64\IMG\center_2020_05_31_07_15_48_944.jpg, D:\UDACITY\simulator-windows-64\IMG\left_2020_05_31_07_15_48_944.jpg, D:\UDACITY\simulator-windows-64\IMG\right_2020_05_31_07_15_48_944.jpg, 1, 0, 0, 7.039898
D:\UDACITY\simulator-windows-64\IMG\center_2020_05_31_07_15_49_083.jpg, D:\UDACITY\simulator-windows-64\IMG\left_2020_05_31_07_15_49_083.jpg, D:\UDACITY\simulator-windows-64\IMG\right_2020_05_31_07_15_49_083.jpg, 1, 0, 0, 6.909194
D:\UDACITY\simulator-windows-64\IMG\center_2020_05_31_07_15_49_218.jpg, D:\UDACITY\simulator-windows-64\IMG\left_2020_05_31_07_15_49_218.jpg, D:\UDACITY\simulator-windows-64\IMG\right_2020_05_31_07_15_49_218.jpg, 0.5886975, 0, 0, 6.843855
D:\UDACITY\simulator-windows-64\IMG\center_2020_05_31_07_15_49_433.jpg, D:\UDACITY\simulator-windows-64\IMG\left_2020_05_31_07_15_49_433.jpg, D:\UDACITY\simulator-windows-64\IMG\right_2020_05_31_07_15_49_433.jpg, 0, 0, 0, 6.624835
D:\UDACITY\simulator-windows-64\IMG\center_2020_05_31_07_15_49_571.jpg, D:\UDACITY\simulator-windows-64\IMG\left_2020_05_31_07_15_49_571.jpg, D:\UDACITY\simulator-windows-64\IMG\right_2020_05_31_07_15_49_571.jpg, -0.4191585, 0, 0, 6.447426
D:\UDACITY\simulator-windows-64\IMG\center_2020_05_31_07_15_49_706.jpg, D:\UDACITY\simulator-windows-64\IMG\left_2020_05_31_07_15_49_706.jpg, D:\UDACITY\simulator-windows-64\IMG\right_2020_05_31_07_15_49_706.jpg, -0.8251743, 0, 0, 6.229904
D:\UDACITY\simulator-windows-64\IMG\center_2020_05_31_07_15_49_845.jpg, D:\UDACITY\simulator-windows-64\IMG\left_2020_05_31_07_15_49_845.jpg, D:\UDACITY\simulator-windows-64\IMG\right_2020_05_31_07_15_49_845.jpg, -1, 0, 0, 6.048174
D:\UDACITY\simulator-windows-64\IMG\center_2020_05_31_07_15_49_989.jpg, D:\UDACITY\simulator-windows-64\IMG\left_2020_05_31_07_15_49_989.jpg, D:\UDACITY\simulator-windows-64\IMG\right_2020_05_31_07_15_49_989.jpg, -1, 0, 0, 5.928389
D:\UDACITY\simulator-windows-64\IMG\center_2020_05_31_07_15_50_124.jpg, D:\UDACITY\simulator-windows-64\IMG\left_2020_05_31_07_15_50_124.jpg, D:\UDACITY\simulator-windows-64\IMG\right_2020_05_31_07_15_50_124.jpg, -1, 0, 0, 5.813014
D:\UDACITY\simulator-windows-64\IMG\center_2020_05_31_07_15_50_272.jpg, D:\UDACITY\simulator-windows-64\IMG\left_2020_05_31_07_15_50_272.jpg, D:\UDACITY\simulator-windows-64\IMG\right_2020_05_31_07_15_50_272.jpg, -1, 0, 0, 5.6836
D:\UDACITY\simulator-windows-64\IMG\center_2020_05_31_07_15_50_414.jpg, D:\UDACITY\simulator-windows-64\IMG\left_2020_05_31_07_15_50_414.jpg, D:\UDACITY\simulator-windows-64\IMG\right_2020_05_31_07_15_50_414.jpg, -1, 0, 0, 5.572393
D:\UDACITY\simulator-windows-64\IMG\center_2020_05_31_07_15_50_685.jpg, D:\UDACITY\simulator-windows-64\IMG\left_2020_05_31_07_15_50_685.jpg, D:\UDACITY\simulator-windows-64\IMG\right_2020_05_31_07_15_50_685.jpg, -0.1894363, 0, 0, 5.36297
D:\UDACITY\simulator-windows-64\IMG\center_2020_05_31_07_15_50_830.jpg, D:\UDACITY\simulator-windows-64\IMG\left_2020_05_31_07_15_50_830.jpg, D:\UDACITY\simulator-windows-64\IMG\right_2020_05_31_07_15_50_830.jpg, 0, 0, 0, 5.271843
D:\UDACITY\simulator-windows-64\IMG\center_2020_05_31_07_15_50_974.jpg, D:\UDACITY\simulator-windows-64\IMG\left_2020_05_31_07_15_50_974.jpg, D:\UDACITY\simulator-windows-64\IMG\right_2020_05_31_07_15_50_974.jpg, 0.4312759, 0, 0, 5.126869
D:\UDACITY\simulator-windows-64\IMG\center_2020_05_31_07_15_51_146.jpg, D:\UDACITY\simulator-windows-64\IMG\left_2020_05_31_07_15_51_146.jpg, D:\UDACITY\simulator-windows-64\IMG\right_2020_05_31_07_15_51_146.jpg, 0, 0, 0, 5.021759
D:\UDACITY\simulator-windows-64\IMG\center_2020_05_31_07_15_51_288.jpg, D:\UDACITY\simulator-windows-64\IMG\left_2020_05_31_07_15_51_288.jpg, D:\UDACITY\simulator-windows-64\IMG\right_2020_05_31_07_15_51_288.jpg, 0, 0.4268785, 0, 5.655157
D:\UDACITY\simulator-windows-64\IMG\center_2020_05_31_07_15_51_435.jpg, D:\UDACITY\simulator-windows-64\IMG\left_2020_05_31_07_15_51_435.jpg, D:\UDACITY\simulator-windows-64\IMG\right_2020_05_31_07_15_51_435.jpg, 0, 0.8659877, 0, 7.211046
D:\UDACITY\simulator-windows-64\IMG\center_2020_05_31_07_15_51_576.jpg, D:\UDACITY\simulator-windows-64\IMG\left_2020_05_31_07_15_51_576.jpg, D:\UDACITY\simulator-windows-64\IMG\right_2020_05_31_07_15_51_576.jpg, 0, 1, 0, 8.787479
D:\UDACITY\simulator-windows-64\IMG\center_2020_05_31_07_15_51_719.jpg, D:\UDACITY\simulator-windows-64\IMG\left_2020_05_31_07_15_51_719.jpg, D:\UDACITY\simulator-windows-64\IMG\right_2020_05_31_07_15_51_719.jpg, 0, 1, 0, 10.35137
D:\UDACITY\simulator-windows-64\IMG\center_2020_05_31_07_15_51_860.jpg, D:\UDACITY\simulator-windows-64\IMG\left_2020_05_31_07_15_51_860.jpg, D:\UDACITY\simulator-windows-64\IMG\right_2020_05_31_07_15_51_860.jpg, 0, 1, 0, 12.02264
D:\UDACITY\simulator-windows-64\IMG\center_2020_05_31_07_15_52_003.jpg, D:\UDACITY\simulator-windows-64\IMG\left_2020_05_31_07_15_52_003.jpg, D:\UDACITY\simulator-windows-64\IMG\right_2020_05_31_07_15_52_003.jpg, 0, 1, 0, 13.35927
D:\UDACITY\simulator-windows-64\IMG\center_2020_05_31_07_15_52_260.jpg, D:\UDACITY\simulator-windows-64\IMG\left_2020_05_31_07_15_52_260.jpg, D:\UDACITY\simulator-windows-64\IMG\right_2020_05_31_07_15_52_260.jpg, 0, 1, 0, 15.88472
D:\UDACITY\simulator-windows-64\IMG\center_2020_05_31_07_15_52_412.jpg, D:\UDACITY\simulator-windows-64\IMG\left_2020_05_31_07_15_52_412.jpg, D:\UDACITY\simulator-windows-64\IMG\right_2020_05_31_07_15_52_412.jpg, 0, 1, 0, 17.94774
D:\UDACITY\simulator-windows-64\IMG\center_2020_05_31_07_15_52_563.jpg, D:\UDACITY\simulator-windows-64\IMG\left_2020_05_31_07_15_52_563.jpg, D:\UDACITY\simulator-windows-64\IMG\right_2020_05_31_07_15_52_563.jpg, 0, 1, 0, 19.22614
D:\UDACITY\simulator-windows-64\IMG\center_2020_05_31_07_15_52_712.jpg, D:\UDACITY\simulator-windows-64\IMG\left_2020_05_31_07_15_52_712.jpg, D:\UDACITY\simulator-windows-64\IMG\right_2020_05_31_07_15_52_712.jpg, 0, 1, 0, 20.87685
D:\UDACITY\simulator-windows-64\IMG\center_2020_05_31_07_15_52_872.jpg, D:\UDACITY\simulator-windows-64\IMG\left_2020_05_31_07_15_52_872.jpg, D:\UDACITY\simulator-windows-64\IMG\right_2020_05_31_07_15_52_872.jpg, 0, 1, 0, 22.49659
D:\UDACITY\simulator-windows-64\IMG\center_2020_05_31_07_15_53_019.jpg, D:\UDACITY\simulator-windows-64\IMG\left_2020_05_31_07_15_53_019.jpg, D:\UDACITY\simulator-windows-64\IMG\right_2020_05_31_07_15_53_019.jpg, 0, 1, 0, 23.88745
D:\UDACITY\simulator-windows-64\IMG\center_2020_05_31_07_15_53_190.jpg, D:\UDACITY\simulator-windows-64\IMG\left_2020_05_31_07_15_53_190.jpg, D:\UDACITY\simulator-windows-64\IMG\right_2020_05_31_07_15_53_190.jpg, 0, 1, 0, 25.6196
D:\UDACITY\simulator-windows-64\IMG\center_2020_05_31_07_15_53_335.jpg, D:\UDACITY\simulator-windows-64\IMG\left_2020_05_31_07_15_53_335.jpg, D:\UDACITY\simulator-windows-64\IMG\right_2020_05_31_07_15_53_335.jpg, 0, 1, 0, 26.94794
D:\UDACITY\simulator-windows-64\IMG\center_2020_05_31_07_15_53_483.jpg, D:\UDACITY\simulator-windows-64\IMG\left_2020_05_31_07_15_53_483.jpg, D:\UDACITY\simulator-windows-64\IMG\right_2020_05_31_07_15_53_483.jpg, 0, 1, 0, 28.25745
D:\UDACITY\simulator-windows-64\IMG\center_2020_05_31_07_15_53_720.jpg, D:\UDACITY\simulator-windows-64\IMG\left_2020_05_31_07_15_53_720.jpg, D:\UDACITY\simulator-windows-64\IMG\right_2020_05_31_07_15_53_720.jpg, 0, 0.293407, 0, 28.542
D:\UDACITY\simulator-windows-64\IMG\center_2020_05_31_07_15_53_862.jpg, D:\UDACITY\simulator-windows-64\IMG\left_2020_05_31_07_15_53_862.jpg, D:\UDACITY\simulator-windows-64\IMG\right_2020_05_31_07_15_53_862.jpg, -0.4283985, 0, 0, 27.93006
D:\UDACITY\simulator-windows-64\IMG\center_2020_05_31_07_15_54_010.jpg, D:\UDACITY\simulator-windows-64\IMG\left_2020_05_31_07_15_54_010.jpg, D:\UDACITY\simulator-windows-64\IMG\right_2020_05_31_07_15_54_010.jpg, -0.8746409, 0, 0, 26.79428
D:\UDACITY\simulator-windows-64\IMG\center_2020_05_31_07_15_54_158.jpg, D:\UDACITY\simulator-windows-64\IMG\left_2020_05_31_07_15_54_158.jpg, D:\UDACITY\simulator-windows-64\IMG\right_2020_05_31_07_15_54_158.jpg, -1, 0, 0, 25.92891
D:\UDACITY\simulator-windows-64\IMG\center_2020_05_31_07_15_54_306.jpg, D:\UDACITY\simulator-windows-64\IMG\left_2020_05_31_07_15_54_306.jpg, D:\UDACITY\simulator-windows-64\IMG\right_2020_05_31_07_15_54_306.jpg, -1, 0, 0, 25.31072
D:\UDACITY\simulator-windows-64\IMG\center_2020_05_31_07_15_54_458.jpg, D:\UDACITY\simulator-windows-64\IMG\left_2020_05_31_07_15_54_458.jpg, D:\UDACITY\simulator-windows-64\IMG\right_2020_05_31_07_15_54_458.jpg, -0.5420602, 0, 0, 25.04081
D:\UDACITY\simulator-windows-64\IMG\center_2020_05_31_07_15_54_605.jpg, D:\UDACITY\simulator-windows-64\IMG\left_2020_05_31_07_15_54_605.jpg, D:\UDACITY\simulator-windows-64\IMG\right_2020_05_31_07_15_54_605.jpg, -0.1037951, 0, 0, 24.67573
D:\UDACITY\simulator-windows-64\IMG\center_2020_05_31_07_15_54_869.jpg, D:\UDACITY\simulator-windows-64\IMG\left_2020_05_31_07_15_54_869.jpg, D:\UDACITY\simulator-windows-64\IMG\right_2020_05_31_07_15_54_869.jpg, 0, 0, 0, 23.40792
D:\UDACITY\simulator-windows-64\IMG\center_2020_05_31_07_15_55_106.jpg, D:\UDACITY\simulator-windows-64\IMG\left_2020_05_31_07_15_55_106.jpg, D:\UDACITY\simulator-windows-64\IMG\right_2020_05_31_07_15_55_106.jpg, 0.4500451, 0, 0, 22.86124
D:\UDACITY\simulator-windows-64\IMG\center_2020_05_31_07_15_55_212.jpg, D:\UDACITY\simulator-windows-64\IMG\left_2020_05_31_07_15_55_212.jpg, D:\UDACITY\simulator-windows-64\IMG\right_2020_05_31_07_15_55_212.jpg, 0.9144915, 0, 0, 21.7193
D:\UDACITY\simulator-windows-64\IMG\center_2020_05_31_07_15_55_353.jpg, D:\UDACITY\simulator-windows-64\IMG\left_2020_05_31_07_15_55_353.jpg, D:\UDACITY\simulator-windows-64\IMG\right_2020_05_31_07_15_55_353.jpg, 1, 0, 0, 20.59516
D:\UDACITY\simulator-windows-64\IMG\center_2020_05_31_07_15_55_461.jpg, D:\UDACITY\simulator-windows-64\IMG\left_2020_05_31_07_15_55_461.jpg, D:\UDACITY\simulator-windows-64\IMG\right_2020_05_31_07_15_55_461.jpg, 1, 0, 0, 19.16121
D:\UDACITY\simulator-windows-64\IMG\center_2020_05_31_07_15_55_654.jpg, D:\UDACITY\simulator-windows-64\IMG\left_2020_05_31_07_15_55_654.jpg, D:\UDACITY\simulator-windows-64\IMG\right_2020_05_31_07_15_55_654.jpg, 1, 0, 0, 14.64218
D:\UDACITY\simulator-windows-64\IMG\center_2020_05_31_07_15_55_819.jpg, D:\UDACITY\simulator-windows-64\IMG\left_2020_05_31_07_15_55_819.jpg, D:\UDACITY\simulator-windows-64\IMG\right_2020_05_31_07_15_55_819.jpg, 1, 0, 0, 11.74913
D:\UDACITY\simulator-windows-64\IMG\center_2020_05_31_07_15_55_938.jpg, D:\UDACITY\simulator-windows-64\IMG\left_2020_05_31_07_15_55_938.jpg, D:\UDACITY\simulator-windows-64\IMG\right_2020_05_31_07_15_55_938.jpg, 0.5042762, 0, 0, 7.033978
D:\UDACITY\simulator-windows-64\IMG\center_2020_05_31_07_15_56_118.jpg, D:\UDACITY\simulator-windows-64\IMG\left_2020_05_31_07_15_56_118.jpg, D:\UDACITY\simulator-windows-64\IMG\right_2020_05_31_07_15_56_118.jpg, 0.05936041, 0, 0, 3.92838
D:\UDACITY\simulator-windows-64\IMG\center_2020_05_31_07_15_56_231.jpg, D:\UDACITY\simulator-windows-64\IMG\left_2020_05_31_07_15_56_231.jpg, D:\UDACITY\simulator-windows-64\IMG\right_2020_05_31_07_15_56_231.jpg, 0, 0, 0, 0.4295423
D:\UDACITY\simulator-windows-64\IMG\center_2020_05_31_07_15_56_621.jpg, D:\UDACITY\simulator-windows-64\IMG\left_2020_05_31_07_15_56_621.jpg, D:\UDACITY\simulator-windows-64\IMG\right_2020_05_31_07_15_56_621.jpg, 0, 0, 0, 0.001365342
D:\UDACITY\simulator-windows-64\IMG\center_2020_05_31_07_15_56_759.jpg, D:\UDACITY\simulator-windows-64\IMG\left_2020_05_31_07_15_56_759.jpg, D:\UDACITY\simulator-windows-64\IMG\right_2020_05_31_07_15_56_759.jpg, 0, 0, 0, 0.0005034194
D:\UDACITY\simulator-windows-64\IMG\center_2020_05_31_07_15_56_907.jpg, D:\UDACITY\simulator-windows-64\IMG\left_2020_05_31_07_15_56_907.jpg, D:\UDACITY\simulator-windows-64\IMG\right_2020_05_31_07_15_56_907.jpg, 0, 0, 0, 0.004576968
D:\UDACITY\simulator-windows-64\IMG\center_2020_05_31_07_15_57_095.jpg, D:\UDACITY\simulator-windows-64\IMG\left_2020_05_31_07_15_57_095.jpg, D:\UDACITY\simulator-windows-64\IMG\right_2020_05_31_07_15_57_095.jpg, 0, 0, 0, 0.001602268
D:\UDACITY\simulator-windows-64\IMG\center_2020_05_31_07_15_57_247.jpg, D:\UDACITY\simulator-windows-64\IMG\left_2020_05_31_07_15_57_247.jpg, D:\UDACITY\simulator-windows-64\IMG\right_2020_05_31_07_15_57_247.jpg, 0, 0, 0, 0.0003935173
D:\UDACITY\simulator-windows-64\IMG\center_2020_05_31_07_15_57_393.jpg, D:\UDACITY\simulator-windows-64\IMG\left_2020_05_31_07_15_57_393.jpg, D:\UDACITY\simulator-windows-64\IMG\right_2020_05_31_07_15_57_393.jpg, 0, 0, 0, 0.003101314
D:\UDACITY\simulator-windows-64\IMG\center_2020_05_31_07_15_57_563.jpg, D:\UDACITY\simulator-windows-64\IMG\left_2020_05_31_07_15_57_563.jpg, D:\UDACITY\simulator-windows-64\IMG\right_2020_05_31_07_15_57_563.jpg, 0, 0, 0, 0.00149239
D:\UDACITY\simulator-windows-64\IMG\center_2020_05_31_07_15_57_710.jpg, D:\UDACITY\simulator-windows-64\IMG\left_2020_05_31_07_15_57_710.jpg, D:\UDACITY\simulator-windows-64\IMG\right_2020_05_31_07_15_57_710.jpg, 0, 0, 0, 0.0007444655
D:\UDACITY\simulator-windows-64\IMG\center_2020_05_31_07_15_57_886.jpg, D:\UDACITY\simulator-windows-64\IMG\left_2020_05_31_07_15_57_886.jpg, D:\UDACITY\simulator-windows-64\IMG\right_2020_05_31_07_15_57_886.jpg, 0, 0, 0, 0.003548654
D:\UDACITY\simulator-windows-64\IMG\center_2020_05_31_07_15_58_043.jpg, D:\UDACITY\simulator-windows-64\IMG\left_2020_05_31_07_15_58_043.jpg, D:\UDACITY\simulator-windows-64\IMG\right_2020_05_31_07_15_58_043.jpg, 0, 0, 0, 0.003198036
